Mazur k,Mazur R^2,Mazur Sy.x,Mazur Residuals,Myerson & Green k,Myerson & Green s,Myerson & Green R^2,Myerson & Green Sy.x,Myerson & Green Residuals,Rachlin k,Rachlin s,Rachlin R^2,Rachlin Sy.x,Rachlin Residuals
0.03175747830271052,0.9760675201079743,4.739944245605627,"[-0.79169156 -5.10270924 -2.7783395  -5.59670137  0.90547703  2.34257272
  5.61337546  7.33112043]",0.05521733500345757,0.7049455670115925,0.9903128061260484,3.0156322398510857,"[ 4.41328213 -1.07685813 -0.75587134 -5.42057599 -0.4506792  -0.25042658
  2.02782988  2.94782585]",0.04685645427659503,0.8930349477041701,0.9869538000926953,3.4996240818676414,"[ 4.73554698 -1.75256403 -1.49403945 -5.8798293  -0.52780063  0.06620893
  2.71529972  3.9716922 ]"
