Mazur k,Mazur R^2,Mazur Sy.x,Mazur Residuals,Myerson & Green k,Myerson & Green s,Myerson & Green R^2,Myerson & Green Sy.x,Myerson & Green Residuals,Rachlin k,Rachlin s,Rachlin R^2,Rachlin Sy.x,Rachlin Residuals
0.032060662949533,0.9796515567007444,4.42934320426516,"[ 0.55499387 -4.66512195 -2.59728468 -5.66308469  0.60506594  2.00699752
  5.09875767  6.78633171]",0.051194075163298054,0.7419657045520879,0.9894732980219708,3.1858102210300525,"[ 4.89204192 -1.29192675 -0.9006486  -5.51977744 -0.5429794  -0.18353873
  2.07233534  3.08907117]",0.04398350858268528,0.9129695498890475,0.9865398191797008,3.60246014213581,"[ 5.00162712 -1.97034079 -1.57396858 -5.9059131  -0.56373335  0.16221939
  2.75779767  4.07906506]"
