LLDelay,IndiffPt
5.0,35.30703070307031
10.0,65.03900390039004
20.0,99.46794679467946
30.0,117.46524652465247
40.0,134.9199919991999
50.0,139.46194619461946
60.0,146.65466546654665
70.0,150.31303130313032
80.0,154.2814281428143
